{
  "status": "calibrated",
  "timestamp": "2026-03-09 11:41:42",
  "affine_matrix_2x3": [
    [-0.9823879378775291, -0.0968474086503095, 186.64097305853014],
    [-0.09697690413210225, 0.990739874571946, 1111.1754831459646]
  ],
  "z_plane_cam": {
    "a": -0.019919166057903923,
    "b": 0.012824498957522579,
    "c": 1905.3174711585652
  },
  "z_plane_robot": {
    "a": 0.0,
    "b": 0.0,
    "c": -642.0
  },
  "z_work_mm_fallback": -642.0,
  "calibration_points": {
    "0": {"camera": [-591.20361328125, 84.55654907226562, 1918.5001220703125], "robot": [759.62, 1251.5152, -505.7053]},
    "1": {"camera": [-88.5235595703125, 96.73731994628906, 1908.0001220703125], "robot": [263.8607, 1216.367, -505.0]},
    "2": {"camera": [-573.2135620117188, -344.1971740722656, 1912.0], "robot": [782.7177, 826.5193, -508.6789]},
    "3": {"camera": [-69.36260223388672, -332.9257507324219, 1902.7500610351562], "robot": [287.4001, 787.2957, -505.0002]}
  },
  "note": "Use z_plane_cam+depth para altura del objeto. z_plane_robot para z en robot."
}